x0,x1,x2,color
-9.230650869,8.968986782,-3.151380546,9.753774388
6.360327786,0.646813254,1.080953775,6.451529324
-9.440236207,7.225525481,-1.833167864,9.616577565
0.93760659,15.36037881,-4.814284225,4.904736355
-6.842105408,3.6724256,-7.653657184,10.26610319
1.598188055,12.30628522,7.474376953,7.643331465
3.094606517,9.340569976,6.748293423,7.424018698
5.547667502,1.161258688,-2.079399356,5.924568879
-2.278666837,11.56289026,-10.53911931,10.78264153
-4.209837759,3.490311578,-9.713579946,10.58661274
-7.911556585,8.516642131,4.163732669,8.940324231
10.12926639,5.792470147,8.570521227,13.26860473
0.140157673,17.57132726,-11.00741434,11.00830662
10.60337008,20.95350022,-5.763429578,12.06849525
2.977854916,13.8459177,6.820604643,7.442329447
12.04789936,9.573503554,-2.697218559,12.34612761
12.25789457,15.45067247,-1.93552323,12.40976347
5.071220578,18.78713269,4.899420743,7.051354605
6.143092034,6.71695556,2.650575676,6.690525477
12.07035757,20.60050893,4.646587106,12.93384334
6.472668986,13.97481422,12.00965073,13.64284261
-4.549015384,11.5370993,-9.518603485,10.54975608
0.252630032,4.062371362,14.11701314,14.11927342
3.315853916,13.3645073,6.602745004,7.388580972
3.166347511,9.367260776,-10.8265828,11.28009981
-9.421490067,1.897237412,0.030511488,9.421539473
-7.139238477,18.28952729,5.145489264,8.800271916
9.23543785,14.5729046,9.674550816,13.37498582
1.47744379,16.31750617,7.51604887,7.659884514
0.185060538,7.170534654,7.828158526,7.83034567
6.29491336,11.69913405,1.906377235,6.577249301
2.963925224,2.780310996,-4.400018506,5.305187611
-8.49780131,19.66133804,3.165392791,9.068204818
6.416349732,5.248935826,-9.643086455,11.58268796
12.1809862,20.21761499,-2.237213793,12.38473054
-7.909817012,1.76806959,-6.272896454,10.09526796
12.40305627,9.141786914,-1.250236014,12.46590931
12.51392389,3.060763678,-0.520969272,12.52476347
11.82432701,11.05479135,5.387661883,12.99390664
-2.926069364,9.254847671,7.679456052,8.21802453
-6.87053556,0.924567305,5.428204209,8.756121277
7.360807713,18.66311235,-9.065537692,11.67756241
2.304029092,5.298759135,13.78021371,13.97150099
-5.4038981,15.00603138,6.611782178,8.539190726
5.05324513,13.61894821,-10.27742878,11.45254682
12.35210417,15.29660177,3.520593469,12.84402802
4.536132815,5.092222075,-3.360872813,5.64552628
4.844068964,7.017068023,5.195780926,7.103600746
-6.368757869,12.40734064,5.894655409,8.678020465
11.2842455,16.23438352,6.652110232,13.09903688
-8.076827853,1.616643473,3.910849903,8.973845058
-9.476730518,18.19914707,-1.09793384,9.540119498
-6.392245398,6.556454399,5.874421885,8.68156862
-7.264417094,7.477484226,-7.164850572,10.20327592
5.594020265,5.447947829,-1.99803315,5.94013461
11.95457152,7.94395313,-2.985222818,12.32166123
8.403883568,14.28451576,10.51798758,13.46303539
-8.891735109,5.440825982,2.264056671,9.175451262
2.123976894,9.175958836,-4.678999802,5.138513112
-3.609213347,15.03414801,-10.01960174,10.64982817
-2.528699407,19.31782252,7.767465429,8.168711029
4.992011579,16.61486427,-2.874919372,5.760671923
6.013078836,18.17645426,-1.068648279,6.10730106
6.255140939,8.971311423,2.149602566,6.614195292
-4.493595689,3.959075247,7.117295836,8.417143353
0.756279097,10.43236189,-4.809265195,4.868366235
-3.469230503,10.29392019,-10.08415772,10.6642298
-2.772689851,18.53590448,-10.37003441,10.73431053
6.202811136,8.853026246,2.406497809,6.653277215
6.342921809,3.464939401,0.509668792,6.363365411
-1.730755907,15.74776347,7.882347709,8.070125241
-4.528249156,20.51534673,7.100675426,8.421676313
4.672599533,19.61962531,5.399582762,7.140635854
12.48858278,5.125661583,-0.716073079,12.50909511
3.392025446,20.43360965,-4.192254142,5.392664593
-4.942030156,15.76626285,-9.270846711,10.50582033
-9.225429346,0.622648782,-3.173881792,9.756129983
-6.270914881,4.036920384,5.977381854,8.663340423
6.870774202,0.583894376,11.74593869,13.60788793
10.72450235,5.712684302,7.674285898,13.18747947
-9.335210429,6.144764069,-2.634521309,9.699837951
5.739206716,18.63096814,-1.721361252,5.991792577
-2.426992474,0.736157996,-10.49116913,10.76823673
-7.005339608,2.674683555,5.289535045,8.778038734
3.978073271,8.264007364,-10.63381814,11.35355254
5.963294409,4.670568517,-1.204937037,6.083810769
6.179332241,15.71275635,-0.512041012,6.2005107
5.396774632,10.25455557,4.407787673,6.96805343
0.136770609,20.07215689,-4.739266873,4.741239995
4.204024688,19.08751513,-3.650981366,5.568077631
-8.702687154,12.25271205,2.729918026,9.120812251
3.690601886,1.111575017,-4.017560916,5.455395311
2.542739687,3.252445368,7.064847926,7.508501937
-7.408902744,0.201732444,-6.982225822,10.1805362
1.369345966,9.643286253,7.551443844,7.674595266
6.342439277,0.231291697,0.503348488,6.36238129
4.908826982,7.345641609,-10.33230053,11.43910034
-4.351202623,16.92253348,7.183552411,8.398594496
-6.338500887,17.87178615,5.92050489,8.673463648
11.45436883,8.622037669,6.291877327,13.06867574
5.614228705,8.397005341,4.018979292,6.904473803
1.537182572,14.96251983,-4.782410452,5.023383321
3.394980608,12.05456263,6.54785245,7.375653533
3.64190622,10.31705529,-4.047845156,5.445046494
5.908900876,20.47447058,-1.343254168,6.059656865
5.603943585,8.974338033,4.038779289,6.907671233
-7.438620545,0.770896295,-6.94357219,10.17576879
-2.265203897,7.671251209,-10.54335409,10.78394474
-6.421393879,13.87683539,-8.084386803,10.32432125
2.761219494,3.744546797,13.66148481,13.93773655
-6.085415067,7.614730254,6.12756009,8.635928971
-3.038307185,2.268801373,7.650791189,8.232005611
0.108717355,4.631896166,-4.734101505,4.735349673
11.51145156,1.450392293,-4.110683752,12.22338897
6.325736446,9.697549626,1.659052919,6.539678751
-1.748843366,0.059700154,7.880642607,8.072359073
-9.354248335,3.860002362,-2.521147403,9.688041398
2.966974802,2.221957573,6.827191111,7.444022968
11.78088881,20.09694312,5.50464421,13.00347835
-9.409460691,7.843650561,-2.12885665,9.647278432
4.086534274,9.506930862,13.22017603,13.83737029
5.450821007,9.398472508,4.316518327,6.952969158
4.207432085,12.31441119,-3.648235015,5.568851181
3.763063801,7.484457102,6.271113392,7.313515731
1.429059238,3.152831891,7.532113024,7.666481391
0.573347481,15.40542401,-4.797200899,4.831341822
3.917803268,6.865705397,-3.866409206,5.504389394
6.214106426,12.85304082,-9.751233328,11.56294383
2.494945608,2.238910018,-10.9389018,11.21981845
9.795455684,5.826924386,-6.854898508,11.95577624
4.849320823,15.16139048,5.189285983,7.102436304
2.164242486,9.574091432,13.81323389,13.98175153
4.270855118,19.37451277,13.14674187,13.82306136
-2.471303538,9.839909758,7.778462915,8.161606858
12.07442427,7.275413981,4.632947276,12.93274611
1.840408969,17.41669075,13.88393033,14.00537848
-0.036042561,8.322455414,-10.9922363,10.99229539
-5.560021889,11.93082085,6.509578992,8.560868067
2.831799741,8.507632222,-4.454757006,5.278631428
4.173440712,13.3198353,-3.675432321,5.561151871
6.316325521,14.95479111,0.237669969,6.320795448
6.141569412,8.538422484,-0.657013666,6.176612486
12.49557879,12.30604115,-0.664551754,12.51323772
-0.901503069,2.979414407,7.916207277,7.967373811
11.80646996,2.161194271,5.436171009,12.99787245
5.499472934,2.735743151,-2.160917108,5.908787126
2.853556465,7.912842881,-10.88412863,11.25197941
6.360242269,9.092520236,0.889725031,6.422171934
6.160040302,15.91549729,-9.779274809,11.55769494
-4.326165112,11.75674111,7.194867563,8.395345367
-1.107095204,7.42252769,7.915894833,7.992937557
-9.440877278,3.154115663,-0.165743014,9.442332049
-4.412476932,2.269116144,7.155440117,8.406561481
4.695678258,14.91483442,5.373046627,7.135756747
-1.468693795,13.66912888,7.902416293,8.037738783
-6.587915222,19.90315166,5.699987849,8.711514704
2.509202874,13.52993884,-10.93695084,11.22109588
2.068746677,3.204221082,-4.691832609,5.127670626
5.734236095,2.862669949,3.775257721,6.865423108
3.38259451,20.62448638,6.556547228,7.377686438
-4.402039201,6.795996056,7.160271274,8.405202784
7.344848687,11.61793821,11.40449026,13.56499909
12.57191798,5.969330689,1.923210482,12.71817048
2.398087993,17.24248505,-4.605518038,5.192458225
0.700652039,10.98160584,14.06997575,14.08741037
11.93817455,11.61965648,5.063188351,12.96749351
-0.942495217,7.606438187,-10.86828094,10.90907089
6.204486012,19.17195941,2.39901936,6.652138044
3.511358074,7.927939019,6.464259727,7.356377461
-9.288086714,2.896124546,-2.885565306,9.72599825
-7.314627715,5.568619548,-7.102358501,10.19545364
-6.244393313,19.54792273,-8.251269369,10.34774826
-9.202516847,12.54750317,1.261360069,9.288559928
0.887944684,10.2687591,-11.04017954,11.07583
10.62166237,1.194827941,7.840947731,13.20227908
11.08206333,14.43559864,-4.968541366,12.14489732
5.330219192,9.58271694,4.515971714,6.986074516
-9.046747171,5.21664166,-3.833970477,9.825627919
12.26481591,5.460843321,-1.906718924,12.4121427
-4.997036377,20.56862615,-9.234190888,10.49955494
2.379249766,14.5871125,13.76181416,13.96597144
6.617527803,8.232833985,11.91601564,13.63022755
8.497169804,14.57300417,-8.187043533,11.79955832
-9.45628012,15.80169332,-0.364467013,9.463301217
3.365492933,8.311689941,6.568489462,7.380487551
9.619610143,11.48890958,-7.061383388,11.93314856
0.717661627,7.084322752,-4.807307068,4.860580156
-8.733724756,14.56924202,2.65828448,9.129316759
1.088329924,6.950898996,7.635219,7.712394648
-0.631412078,10.03893368,-10.91957462,10.93781473
2.859366008,13.36762154,-4.443686631,5.284157912
6.087733722,12.80352334,2.847243847,6.720662125
8.947793006,7.74704444,9.983441303,13.4064201
-2.818785501,10.57616209,-10.35287013,10.72974704
-0.896129026,20.88438144,-10.87651464,10.91336877
11.1405958,2.434994794,-4.861033828,12.15493828
0.839403047,18.45371542,7.699774599,7.74539388
-9.44891335,10.39954887,-1.728473728,9.605705852
6.34943552,2.178175813,0.605183896,6.378211268
4.88282752,1.993723362,12.88035351,13.77481438
2.432560541,15.39124426,7.120758523,7.52479586
12.55928506,5.379047581,2.081586555,12.73061836
10.78771119,7.516891742,7.569017775,13.17819194
3.236717125,5.472320867,-4.273186425,5.360639884
11.67887769,13.47527223,5.766722289,13.02502476
5.112204356,11.74979191,-2.725539824,5.793375588
6.356760667,2.510464904,0.755999569,6.401557742
3.923963261,7.274460273,-3.862076473,5.505735406
0.700669435,14.48416669,7.73192565,7.763608176
-4.300272304,10.16788072,-9.663225561,10.57687431
-8.50479966,2.563036691,3.151462064,9.069913473
-8.341182291,11.05368352,-5.535139154,10.0106487
2.615345665,18.00265614,13.70116948,13.94855111
9.145578038,20.1603789,-7.574076018,11.87468842
6.163990941,4.466406941,-0.572707797,6.190539439
0.686313695,17.47994907,-11.03636174,11.0576809
-7.850309669,15.40804195,4.252886867,8.928292592
11.27139242,8.485685045,-4.610944425,12.17805796
7.554353704,10.47989229,11.24338903,13.54555487
-8.795819329,11.370781,2.509635894,9.14684153
0.642876421,13.94258872,-11.03505579,11.05376616
1.105600795,13.37575163,14.01490104,14.05844246
6.272149411,17.93682953,-0.06697835,6.272507021
-6.456958562,11.25406786,-8.049885565,10.31954318
-6.405433752,14.07670158,-8.099761965,10.32645755
-8.750070778,17.36341682,-4.66142994,9.914265868
-4.881807357,20.60546735,-9.310406989,10.51264578
11.37785954,9.705524392,-4.396257869,12.19765432
-4.529794734,20.4234332,-9.53010555,10.5518696
4.394314747,14.43124042,-3.490501409,5.611916088
-8.835178757,3.499128367,-4.446630117,9.891051666
12.60584325,1.007178394,1.044006324,12.64900127
-5.503003256,1.127437806,6.547474072,8.552921229
2.210039415,2.440750611,-10.97397802,11.19430515
-9.078249179,14.06316868,1.712406981,9.238341076
11.92686398,3.317191954,5.096697743,12.9702125
-7.394326286,17.41057873,4.851967786,8.844074435
6.866326015,20.54159219,-9.383367151,11.62729599
9.165971553,20.82878131,-7.553231609,11.87713527
7.368038482,19.9519725,-9.060623293,11.67830833
6.357831039,20.17718602,1.189254822,6.468101928
6.343186304,11.52257535,0.513169311,6.363910373
-6.210191548,16.45750091,6.027485119,8.654308518
-7.381513717,17.79516738,4.867352372,8.841824691
-9.197269287,13.61215225,-3.291277236,9.768432228
4.770075915,16.94366361,5.285647686,7.119810088
1.529595074,4.939442742,-11.02782364,11.13339819
4.68256276,20.16858009,-3.217104717,5.681210853
-9.448815726,9.328705833,-1.729734734,9.605836813
2.157637688,18.93922139,7.250512488,7.564742675
12.40364966,14.37650215,3.251489572,12.82274188
-6.155782239,1.515865667,6.071593136,8.646264985
6.319189636,13.92003186,1.718662488,6.548737161
-3.637633614,1.22594066,7.468445788,8.30722943
-8.442628225,14.23796688,3.273173353,9.054923255
-0.206654546,0.57602047,7.877498969,7.880209141
-5.860709828,3.617301916,6.298450324,8.603394456
-8.480842742,14.3300889,-5.26076869,9.979999039
0.396981457,15.79385165,14.10344055,14.10902653
-0.216982021,5.028575895,7.87852823,7.881515607
-9.449246798,19.5918557,-1.724150093,9.605256821
6.14373172,16.81844268,-9.787662205,11.556114
-8.751789182,9.769804556,2.615797649,9.134342408
3.829455526,18.7938555,6.217176343,7.30191833
0.131697391,9.814407267,-4.738345943,4.740175785
-6.590135023,20.04353216,-7.91767124,10.30142696
5.424779857,11.43934072,12.61398462,13.7310176
6.353045444,10.50731095,1.306742433,6.486043648
-9.273771718,2.304046287,0.951874057,9.322494628
12.31045432,19.26611535,-1.708599081,12.42845913
12.21288901,14.08093066,4.13064512,12.89251283
-5.073820457,18.52066897,6.812264192,8.494150779
-9.063949981,1.290651022,1.759141384,9.233080075
-8.835602327,0.329754018,2.410306422,9.158463055
4.870394118,7.328140477,-3.016175301,5.728704244
-7.785862182,15.19778956,4.344252671,8.915838782
4.613664747,19.55587732,-10.4375639,11.41177649
2.827360736,6.888668506,6.909467908,7.465568666
-7.900139965,2.386399357,-6.287906472,10.09702824
-8.160703835,14.62578866,-5.861606201,10.04766213
4.80684719,2.961820062,-3.086376086,5.712398555
-3.454612474,2.086617426,-10.09075752,10.66572711
-8.9818207,19.83847727,-4.036454648,9.847135077
-8.954014868,9.746697453,-4.118817635,9.85591401
3.451100182,2.110603944,-4.159730307,5.404946687
2.604412599,2.702073441,-10.92344251,11.22962872
3.434196414,16.99884803,-4.169136645,5.401426236
-9.263420224,3.882691638,-3.004186732,9.738382421
6.825584838,0.890389902,-9.40800362,11.62321558
-6.52543201,17.79732864,-7.982510874,10.31027365
5.982835175,15.93114225,-1.152649354,6.09285789
5.734199109,6.615715903,3.775336776,6.865435688
0.019251785,16.35140567,-4.71643152,4.716470812
7.691748095,17.44251264,11.13413408,13.53262467
2.555879413,12.2377359,7.058025982,7.506547165
-5.460337415,6.733164644,6.575399797,8.546997553
-9.260678712,5.617724736,1.012560521,9.315870813
12.60519626,8.458028286,0.860774907,12.63455207
10.1275917,19.45241233,8.572832063,13.26881921
-7.318857422,5.585179689,-7.097047784,10.19479089
5.976063494,20.89921382,3.188029111,6.773246231
-6.227160451,5.652417181,-8.267100545,10.34999897
10.27426409,5.14085227,-6.239717297,12.02058961
1.941420463,3.849016193,-4.718936783,5.102693188
-3.185504542,17.2971765,7.610612606,8.250385653
-8.598153508,12.45095141,2.959604803,9.093266978
-7.324963976,15.60551313,-7.089367658,10.19383299
2.902685264,14.76833077,-10.87569594,11.25639125
10.4182373,0.352461825,-6.037373748,12.04116067
5.928269374,15.54092945,3.317448855,6.793367698
12.34947487,14.39509158,-1.526127211,12.44341568
6.29343881,16.4190657,0.066760733,6.293792899
3.772111062,5.565353759,13.33844551,13.86156378
6.333633036,7.320574382,1.57918287,6.52753598
4.961466475,8.153778171,5.046701053,7.077099767
-8.035740821,6.401443348,3.975490065,8.965358431
10.63426349,16.71779182,-5.716090254,12.07316229
1.305504658,8.89001815,-4.80351475,4.977760176
-1.627243028,1.370572014,7.891310375,8.057338227
5.941921816,12.5136187,3.281304789,6.78773865
-1.335012742,2.8251433,-10.79020207,10.87247533
0.707513115,9.815165565,-4.806740394,4.858531467
4.353948858,8.060626431,-3.525786334,5.602503006
-4.617368879,20.25611249,7.057026616,8.433369435
4.114172159,8.134635266,5.970334012,7.250606925
6.279053269,1.93366065,-0.025617306,6.279105526
2.27229421,4.077464686,-10.96694812,11.19987822
-9.428877708,4.841628173,-1.953036789,9.629023187
6.024037954,2.529736142,3.049104409,6.751745772
-6.116274667,19.19995181,6.103163766,8.640452751
11.94215482,16.03605552,-3.021799642,12.31853623
12.42241907,14.2691798,3.144903219,12.81432448
5.602424861,15.80889012,4.041689675,6.908141556
4.762093131,17.76661981,5.295164422,7.121537561
10.35335086,20.64126034,-6.129666501,12.0318197
12.10357675,0.896273312,4.533511455,12.92475517
1.052760184,2.405424419,7.644991209,7.717136425
0.350232773,2.256714978,7.801259586,7.809117371
3.873877664,17.41534002,-10.66213442,11.34407504
-6.931064075,7.620237255,-7.555789769,10.25327305
12.3233986,14.04001145,-1.649538828,12.43330734
5.977605059,8.020248656,-1.166790153,6.090415544
12.60521276,3.794907453,0.8623114,12.63467331
-3.103651465,3.440560058,7.633318928,8.240158389
6.35239047,0.25367341,1.319601881,6.48800538
5.138084755,11.20203066,-2.691988034,5.80057881
6.236235926,0.860112708,2.248620969,6.629248434
-3.343416634,0.88754051,-10.14009568,10.67707709
-0.893407621,18.19617735,7.916110299,7.966365511
-0.279862693,12.3299626,-10.96648958,10.97006002
4.298708627,14.45529847,-3.572969694,5.589723454
1.879904236,16.65478612,-4.730801363,5.090630753
-4.553769681,4.308712937,-9.515749813,10.54923281
0.940187422,12.73417404,-4.814306194,4.905251932
6.260632981,16.06463501,2.119178565,6.609572083
-8.998271744,9.373730406,-3.986556462,9.841825379
2.866882226,13.01980524,-4.440636378,5.285666007
-7.117032256,4.391303305,-7.342640999,10.22577748
9.868714975,13.13626576,8.917989435,13.30120562
12.54397449,6.787567093,2.246825717,12.7436071
12.05347538,14.61790298,4.702632495,12.93835465
6.040629424,20.12881189,-0.988518595,6.120978096
1.362641095,11.36579864,7.553580472,7.675504459
3.386545648,1.77200856,6.553777768,7.377038326
5.967479512,1.878560237,3.211887326,6.77694857
7.71292511,18.39600084,-8.816769411,11.71429198
-2.476666159,18.48202375,-10.47457648,10.76339295
0.231405357,18.99854202,14.11888242,14.12077863
-7.108246421,14.48589523,5.179412077,8.795082527
-5.092792898,9.589315502,6.801293232,8.496712842
3.594755113,19.59590943,6.402186948,7.342360794
12.32444872,11.55117168,-1.644686262,12.43370537
12.58299404,15.62565905,1.757614909,12.70515443
0.099053689,2.416242721,-4.732280857,4.733317414
-8.078793592,4.518628256,-6.000842569,10.06364832
0.105074011,3.903015465,7.839875831,7.840579927
5.241934181,1.909615795,4.652960095,7.009130588
5.622909934,11.98999899,12.50905714,13.71472299
-7.326735904,6.617952702,4.932332631,8.832268349
1.336621646,4.912756732,7.561807477,7.679029219
1.175830674,19.10573454,7.610391245,7.700690403
-4.787797657,13.76174433,-9.370986476,10.52323115
-9.435588727,10.592696,-1.884176064,9.621873729
-9.380348992,0.89717708,-2.350100672,9.670259582
-6.009819513,7.469152445,-8.460735801,10.37795649
-8.844263411,3.259257571,2.388223482,9.161037424
11.34350133,19.14388464,-4.466710671,12.19124795
4.37497787,15.29910482,-3.507490533,5.607398791
2.894490346,20.33768905,13.6237332,13.92782038
-8.197841453,16.22076456,-5.796735964,10.04025659
3.630980141,11.88323,13.38871893,13.87233979
9.013029987,1.324089367,-7.707092367,11.85891995
-9.454064762,15.49159935,-0.332166012,9.459898244
0.84258227,11.10659116,-4.81251028,4.885713875
3.383925847,9.682790287,-4.196637559,5.390985155
5.64272006,1.347032806,-10.02969169,11.50804088
5.511464416,14.33242134,-2.140914535,5.912677486
5.759924053,9.252774024,-1.678773784,5.999583862
-8.231940729,12.08915212,3.655086253,9.006914215
4.45515033,11.08535635,13.07021792,13.80865529
3.898315217,5.498267587,-3.880032491,5.500137603
-0.224720082,5.685256249,7.879290354,7.88249425
-9.477193864,14.33323013,-0.950917083,9.524780671
-7.428765748,13.78772955,-6.956432935,10.17735328
4.456770101,15.38552307,13.06953144,13.80852822
1.545115993,20.10609801,13.9414277,14.02678829
4.569626287,9.79957107,13.02109781,13.7996548
-3.640704119,12.68406562,7.467381546,8.307617807
4.252701949,0.285046774,-10.55402608,11.37861768
0.535892356,5.114947095,-4.793854162,4.823714165
-4.165907585,3.760368256,7.264961194,8.374631165
-3.582773126,20.11798096,-10.03198452,10.65255729
0.722432535,11.81107096,-4.807565969,4.861542894
4.544478146,9.881107392,5.542217497,7.167179111
-1.91054568,14.984011,-10.6479909,10.81803564
0.562386999,18.52903636,14.08604079,14.09726301
6.2406583,20.38477192,2.226183274,6.625836399
12.60066235,12.61660056,1.361467794,12.6740004
7.827894094,5.441324722,11.02294893,13.51966453
3.589726552,17.44791857,6.405982388,7.343210951
1.741195659,5.385017448,-11.0155804,11.15234387
0.791288112,17.35113244,-4.810769632,4.875411914
8.787789616,15.62705721,-7.923753662,11.8326294
9.232257915,19.50909925,-7.484763313,11.88512802
8.110099311,9.94328301,10.78278675,13.49230154
6.138945326,8.034098509,2.666151591,6.69290774
-1.698117718,11.5183802,-10.70439219,10.83824782
-7.506021273,18.19139193,-6.854451932,10.16483481
1.000572208,19.26656132,-4.81442563,4.91729996
6.974200619,1.074510471,11.67407073,13.59865441
7.374267169,5.742707622,11.38225975,13.56228791
-9.386407414,0.752947202,-2.307166527,9.665798546
-6.363357624,9.480280458,-8.139980026,10.33206635
4.396442081,12.6882454,-3.488622597,5.612413972
5.333199025,4.981143959,-2.421121389,5.857033432
12.46295814,15.10906084,-0.892541155,12.49487716
3.149556436,10.53227389,6.713204987,7.415310307
6.593138903,15.61899494,11.93196322,13.63235955
-7.553883987,14.55984562,-6.789901077,10.15696411
6.256735933,7.990138973,2.140851141,6.612865351
-6.067884628,16.48047617,6.141316932,8.633365365
-0.300779183,19.77966542,7.886368638,7.892102281
6.975488812,4.751957239,-9.316219712,11.6382728
-5.398955061,0.234616609,-8.950556131,10.45280684
5.73838558,16.06807583,-1.723031518,5.991486183
-9.127955581,14.72524222,-3.556391939,9.796300154
3.418488104,2.541133071,13.46118921,13.88847277
6.099397188,14.21606703,-0.803881649,6.152143672
2.426764108,18.19805831,-4.596874961,5.198119221
-1.865611677,14.04235679,-10.66030845,10.82232337
-7.798669245,9.339121662,4.326290073,8.91829736
-5.237428867,19.29377933,6.715469988,8.516348883
1.843147525,11.13191539,-4.737510305,5.083423717
-9.415763631,19.90530996,0.081553422,9.416116806
12.42960073,1.524685559,3.102659878,12.81099031
-1.556831429,9.105078385,7.896633844,8.04863654
-0.218652154,20.79079009,7.878693379,7.881726849
5.67835706,16.34410529,3.89179874,6.884027624
0.775962745,12.15759371,7.714812558,7.753737872
-9.429553502,9.950285674,-0.046093905,9.42966616
-0.471810589,9.541672099,7.899559773,7.913636954
-1.538153493,14.9718386,-10.74382696,10.85337431
3.060916832,0.575323864,-10.84700412,11.27061268
-3.176110596,16.37104064,-10.21148975,10.69402643
-3.476987068,5.48513344,7.522248131,8.286956982
8.262699507,4.757821335,10.64719883,13.47720468
3.084655231,9.96795629,-4.346229532,5.329616219
4.090660333,0.947485934,-10.60201574,11.36381273
-9.280755429,9.562958969,-2.921608831,9.729759478
11.87085388,14.16915275,5.258367134,12.98335846
-9.197990223,13.98299413,-3.288350055,9.768125216
-9.459514705,10.37569803,-0.414879683,9.468608325
0.484784829,7.259820906,-4.788802706,4.813278268
0.689625154,8.810128656,14.07130792,14.08819681
-6.320330191,19.19431954,5.93591303,8.670734526
2.675208086,13.32810109,-4.514209705,5.247363868
0.301775703,8.296692085,7.809530442,7.815358872
-3.889468065,2.013379235,-9.882807223,10.62063277
5.176647933,19.97834633,12.73962146,13.75120499
12.36830281,20.90359439,3.439314999,12.83759331
1.411764782,8.896931939,7.537767734,7.668834475
12.23382835,3.867116155,-2.033404106,12.40166474
8.819951213,7.639927566,10.11463875,13.42003936
0.432980997,8.108757912,7.786402355,7.79843152
4.633379455,0.195299189,-3.266579715,5.66910471
3.786265243,19.94443503,-3.955933787,5.475875877
3.337067215,19.20753868,-4.221642131,5.381289797
12.52731124,15.36342104,-0.406750548,12.53391292
-4.459435605,11.43702045,-9.571737826,10.55958005
5.956831932,14.39829593,-1.221910154,6.080864337
-8.1256575,9.212028306,-5.92181098,10.05455892
-3.165469808,18.66642825,7.616254899,8.247880806
-9.341699007,8.28655689,-2.596799626,9.695911955
6.359751909,9.320148315,1.114449403,6.456658719
3.887834593,0.540096528,-3.887306572,5.497855055
11.23445629,15.23057339,-4.683017948,12.17142823
0.250540105,15.9290134,-4.758401391,4.764992565
-6.099652166,16.12069465,-8.382031962,10.36649489
-8.81147103,3.923843643,-4.507962374,9.897663688
4.75632426,1.119331794,5.302020695,7.122783439
1.785932667,12.42127176,-4.747389383,5.072204791
4.069689071,7.255708582,13.22673457,13.83867322
-9.296580842,11.35201096,0.841086303,9.334550954
-3.540635475,6.656441606,7.501370727,8.294978141
9.558322449,20.83280754,-7.131158166,11.92539076
-1.001253395,4.359645377,-10.85754842,10.9036171
3.711034457,10.09345437,-4.004637615,5.459752665
6.345145814,13.04951082,1.437973067,6.506046568
1.213685224,9.008843849,-4.80881824,4.959613361
-0.51630972,16.24240035,7.902376066,7.919224913
5.356688696,7.98994428,-10.15474635,11.48098372
6.142302803,18.14427438,-0.65433092,6.17705696
1.935783247,4.014080361,-4.720057269,5.101587734
3.839974931,17.46090491,6.208510048,7.300068801
-6.347442195,13.59900764,-8.155074403,10.33417926
-7.810539552,12.23433236,-6.424176669,10.11308924
5.18365049,5.563151762,12.73616216,13.7506385
-2.709323662,12.90199572,7.73004567,8.191095211
-8.949303911,13.14070836,2.105685257,9.19369082
-2.139334178,16.86244795,7.833707863,8.120574463
6.697900623,8.262327329,-9.483746146,11.61048292
8.680594292,19.49917548,10.25364945,13.43465832
4.501609335,18.87831625,13.05043079,13.80500744
-2.844651034,14.22872692,-10.34313276,10.72718205
10.5385404,5.903780314,-5.861219185,12.05880276
0.040859919,0.256581452,7.848669356,7.848775713
0.440764682,20.78366447,-4.784001081,4.804262675
4.042664454,20.73138585,6.034809903,7.263750165
6.358859615,13.04462924,1.153457849,6.462627996
6.27493721,14.5028323,-0.05048313,6.27514028
-7.219254186,9.448554153,5.056222388,8.813796902
-7.951353846,1.926759162,-6.207794369,10.08765279
12.29632719,17.27541664,3.781795259,12.86474399
6.336730222,16.40178327,0.434078605,6.351580445
1.389656681,7.216230021,-11.03369427,11.12086125
12.59174502,2.296058214,1.595153391,12.69238185
-0.446598768,7.504576613,7.897851544,7.910468347
-6.119663199,0.403456229,6.100470898,8.640950344
2.391638095,2.521580896,7.140944316,7.530804638
-1.142957684,7.060505444,7.915293993,7.997389028
6.346895805,8.717450033,1.412413414,6.502153336
0.382406459,9.936311117,-4.776988703,4.792270419
10.47715258,17.3361464,8.066171728,13.22247528
-9.357462092,1.207312061,-2.501151363,9.685961746
1.612380903,3.660036958,-4.77317793,5.038154397
3.580661454,15.5648864,-10.7361264,11.31748852
4.263317753,0.251194375,13.1498052,13.8236484
-9.376925428,18.07429022,0.37763746,9.384526655
0.366384422,13.67609635,7.798432395,7.807034352
0.011164415,7.124026246,-10.99658388,10.99658955
-0.247570634,10.89808897,-10.97021742,10.97301059
-8.148212094,8.941844349,-5.883176092,10.05013041
6.700266246,9.550241526,-9.482362913,11.61071807
-9.297651301,2.012424603,-2.837450247,9.720979561
-9.215250919,2.001719092,1.209452619,9.294279162
-7.434188636,14.82106544,-6.94936121,10.1764818
-6.234274319,16.47926364,6.007725919,8.657883517
8.193814156,13.67052784,10.70891824,13.48404688
7.43269515,12.94117095,-9.016324648,11.68499325
-4.202652013,6.0401731,-9.717531254,10.58738389
-5.473438818,15.90260016,6.56686354,8.548814494
-5.736520957,10.5393171,-8.68928071,10.41207337
-2.687042519,8.9337386,-10.40128756,10.7427641
8.107946484,17.88199949,-8.513426383,11.7565822
6.358874177,15.64916984,0.823621021,6.411991297
0.840896902,1.200612809,7.699413637,7.74519709
9.083712308,0.859894209,9.839920162,13.39170856
8.380321563,0.948743782,-8.288061746,11.78650741
12.01255925,10.79958193,-2.809146502,12.336648
-2.393072748,17.19866157,7.792763091,8.151929451
8.359910959,3.048627935,10.55862851,13.46746997
-5.33458615,6.208771213,6.65560483,8.529647416
6.014875994,8.049983201,-1.063530913,6.108177407
-0.700367384,8.373102085,7.91133827,7.942278495
3.688185149,16.82558156,-4.019080969,5.454880524
2.560446589,4.748594205,-10.9297842,11.22568793
3.195113502,15.4845237,-4.293769065,5.352121362
2.169645484,13.30541482,13.81198582,13.98135593
5.157343883,14.22064019,-2.666682613,5.805978994
-6.678297859,12.57313936,-7.827425538,10.28922994
-4.181364288,10.37932075,7.258374874,8.376623014
1.618489149,8.386246106,-4.772376564,5.039353649
3.70748408,13.514899,6.315279036,7.323126894
1.220397565,10.09878816,-4.808489386,4.960941482
6.338376035,0.277314247,0.453114783,6.354551421
4.063663324,1.363469042,6.016055527,7.259909347
6.132057083,8.230033046,2.691694774,6.696816021
1.64660666,10.63038086,7.457023768,7.636656138
4.730489089,20.21734862,-3.167685814,5.693132743
6.28430167,0.120341264,0.007040346,6.284305614
5.248734175,8.273548844,4.642656363,7.007386713
3.549204992,8.706039726,-4.103530302,5.425478505
-1.282870082,5.95173829,7.911400249,8.014737023
-9.15365274,10.28509037,1.449583825,9.267720958
-8.854913002,19.0308059,2.360835881,9.164225572
5.799575572,8.839808659,-1.594750274,6.014840418
-3.347772904,19.23221008,-10.13819139,10.67663374
2.599212143,10.03748436,-4.540993702,5.232258362
-4.941233542,5.075832515,-9.271373889,10.50591085
2.573327783,12.0248227,7.048915671,7.503947496
7.97932399,14.07681088,-8.615150578,11.74267562
2.292245818,16.67584281,-4.635840407,5.171596192
8.960668216,20.54463418,9.970027157,13.40503698
2.48073159,3.824833475,-4.580109915,5.208784508
-4.714056665,4.611896487,-9.41751951,10.53147682
-3.572103765,1.11574103,7.490836379,8.298949028
4.707972794,2.986245172,12.96008682,13.78872214
4.232745854,16.09474265,-10.5600784,11.37679187
12.15854438,18.70505607,-2.319688771,12.37784947
11.87107044,5.074606766,5.257755099,12.9833086
-4.298712973,4.194240061,-9.664103693,10.57704275
7.102439727,20.73662241,-9.236015009,11.65112112
5.639635124,18.70714775,-1.914882133,5.955859125
1.109095137,18.46540884,-11.04012852,11.09569871
5.848441383,13.20606805,-9.933925879,11.52766889
6.308586538,2.030858789,0.175728566,6.311033564
11.97517127,10.5426233,-2.923689877,12.32690916
12.30358188,17.91802161,3.749276598,12.86216164
-9.187263533,13.70805015,1.321893107,9.28187549
12.40878575,18.61956002,3.222842601,12.82047886
3.63682113,14.01583252,6.370167186,7.335223099
-8.502745512,12.94088116,-5.215752587,9.975006581
-6.708015164,13.38355794,-7.796499758,10.28508026
-7.338332158,11.07229691,-7.072501289,10.19173162
12.21208561,20.32577026,4.133806545,12.89276508
-0.08588621,1.853297338,-10.987422,10.98775767
6.00075375,6.725885692,-1.103354217,6.101347072
-9.265578539,11.8484167,-2.994097404,9.737328428
11.13389888,17.33159701,-4.873466188,12.15378036
-9.311279044,7.48826593,0.765805201,9.342717754
12.52165657,13.68030459,2.454340943,12.75992448
-1.646304683,8.518174509,-10.71744889,10.8431559
4.006001345,0.188062867,-10.62604647,11.35609573
10.11363489,14.59157719,8.592049839,13.27060402
-3.593787905,3.619621655,-10.02683674,10.65142087
12.53893244,17.99788681,-0.299314162,12.54250436
8.436413681,12.33147874,10.48768699,13.45974198
5.813991264,4.531115129,12.40387221,13.69885179
12.56984653,7.7693883,1.950989156,12.72035379
5.384227119,5.842812784,-10.14310865,11.48357761
1.67176621,18.74204403,-4.765058769,5.049810624
9.460294753,17.35060154,9.418804128,13.34957108
2.484082138,18.43368802,-10.9403758,11.21884516
-9.45554158,7.800956738,-0.353516337,9.462147767
2.52465487,16.72894407,13.72498628,13.95525459
-9.407930598,6.047460173,-2.141559019,9.648597472
3.50186617,4.331679427,-4.130993749,5.415549467
0.991020446,4.873775127,-4.81445709,4.915396077
-7.153615602,4.969814827,-7.299271981,10.2202538
5.671989273,2.866900897,3.904727762,6.886099129
-9.449499054,4.590241613,-1.7208621,9.604915342
-8.690606372,0.16791164,-4.803357457,9.929696973
4.876023395,3.985136991,5.156017046,7.096486167
4.979075738,20.65450454,-2.890397353,5.757220863
9.281550103,7.615314361,-7.433126354,11.89111179
-2.291962866,6.948449485,7.810072079,8.139429935
5.53028262,4.241346792,-2.109153949,5.918830647
11.7420443,10.47119828,5.606434194,13.01182957
5.939654979,19.5038209,-9.889867817,11.53642001
-5.17986544,4.382952006,6.75009346,8.508511485
3.605372144,2.572768454,6.394150978,7.340563672
-4.591649641,15.00614695,7.069757942,8.429989548
1.082641617,16.98615948,-4.813376999,4.933630611
5.489052443,3.842658418,-10.09803017,11.4934725
10.16247195,17.4651202,-6.390926168,12.00498952
8.762360065,7.104509461,-7.94750403,11.82969882
-2.025955854,1.533281507,7.849334324,8.106574274
0.287415129,4.071860942,-4.763984647,4.772646768
6.354506215,0.735413691,0.700964534,6.393050955
12.47497078,19.27614144,2.812724589,12.78813182
10.31584512,6.856979476,8.306266225,13.24427118
4.051752052,7.665373178,6.026711768,7.26208988
-1.136846725,9.539727785,-10.83150288,10.89099973
-8.30183179,6.270537682,3.533186979,9.022406625
3.346510462,1.362410879,6.58166048,7.383589028
-5.214682113,14.41430538,6.729226247,8.51324823
-7.153308068,10.28873156,-7.29963861,10.22030039
-9.278600153,2.475141002,-2.932073591,9.730851778
3.868730017,8.841173001,-10.66350568,11.34360725
9.71285769,1.951551117,9.115014983,13.32002638
11.59599212,12.3063028,-3.919336702,12.24043436
6.058320687,2.448681655,12.26349073,13.6783206
5.457376818,4.569619866,4.305225817,6.95111006
-7.167414596,11.47510415,5.114335508,8.805013327
2.094790648,15.19905255,7.278284128,7.573741988
-2.990432038,20.28846069,7.663225675,8.226038628
8.248453021,13.57722214,-8.398898063,11.77193552
10.67449395,18.64639452,-5.65370535,12.07928827
5.729595469,9.769023171,-1.740828823,5.988217534
12.51773156,8.709011459,2.487830582,12.76255869
0.269097959,14.36102447,-4.761248848,4.768847272
11.02420306,19.72097008,-5.072337839,12.1351417
6.038073007,5.36443039,-0.996110302,6.119686378
0.992033701,8.285899731,-11.04070732,11.08518601
12.59663002,5.715051628,1.481307226,12.68342852
0.885304057,8.835479236,-4.813540539,4.894275819
-9.028614831,10.62183993,1.870998456,9.22044039
-6.094982566,1.892477666,-8.386168545,10.36709387
5.473933068,14.34131199,12.58834035,13.72699006
6.080401045,12.85074211,-0.865836448,6.141738322
2.309936302,4.766977012,-4.63094432,5.175079808
5.488100068,1.528007815,-10.09844531,11.49338245
6.069590965,1.546213544,2.907065642,6.729856249
5.875730163,15.58246404,3.451043729,6.814243008
12.5999162,19.49790168,0.607660373,12.61456061
-9.201768111,4.123778147,1.264372243,9.288227685
3.963537374,3.438677381,6.104172953,7.278087383
2.607798491,10.03162861,-4.538034357,5.23396301
11.8713584,5.468178196,5.256941148,12.9832423
0.469882411,15.67525613,14.09601541,14.10384487
5.754926041,18.29982448,-1.689127536,5.997693354
6.213831777,8.151208186,2.356515271,6.645665473
9.310061322,2.797108645,-7.402972604,11.8945889
3.170554179,7.499017498,-4.30570618,5.347103843
7.206240939,6.349750682,-9.168709558,11.66169556
-9.149324846,11.5624,-3.47784179,9.788029866
12.60012784,1.894247662,0.614564835,12.61510648
-4.255832603,1.50367458,-9.688115256,10.58166756
3.544224792,2.77166952,-10.74473946,11.31419266
6.592935543,19.3276119,-9.544369061,11.60007672
-6.05546925,20.85679231,-8.420970875,10.3721482
10.48401754,8.996118363,8.055696875,13.22153077
10.69700514,12.53980593,7.719394482,13.19147338
-8.917210127,17.15379446,-4.224298948,9.86718491
11.63721229,11.08265288,-3.822690837,12.2489867
-9.205951834,6.820841686,1.247485273,9.29008981
-6.677732559,8.938839767,5.616258676,8.725507071
5.736331624,8.456751588,3.770774397,6.864709758
2.090267517,14.75369317,-4.686909998,5.131894739
-9.460355746,7.28321166,-0.428728627,9.470065421
1.325678355,5.444869029,7.565236998,7.680510005
-3.147123617,2.775714951,-10.22351741,10.69694795
4.269857724,18.91746664,-3.59711752,5.583094074
0.502274593,18.48750375,-4.790594528,4.816853298
7.754498896,0.259902854,11.08325517,13.52666989
4.394244312,0.832532808,13.09585415,13.81342749
2.361235601,19.50193301,7.155740384,7.535254077
6.741400101,1.965467871,-9.458190537,11.61481139
12.46199503,8.035813504,-0.898844825,12.49436842
12.02737511,12.7049492,4.787521659,12.94519662
5.676946758,20.18693201,-1.844404437,5.969049524
-3.022275265,8.190016292,7.654989579,8.23000688
-3.01764116,8.559879827,7.656196675,8.229429245
5.553950728,18.26005487,4.132845753,6.922917211
6.277770768,0.918022054,2.018376899,6.594258952
-6.424273456,4.893403811,5.8465927,8.686422488
-4.191387355,8.311609086,-9.723710839,10.58859199
6.353245456,7.007584435,1.302710872,6.485428548
-9.325998478,19.10591034,-2.686601804,9.705260268
6.096976812,0.626007926,12.24066087,13.67504679
12.56064246,6.841074679,2.065698779,12.7293696
4.915245507,17.24447564,-2.96517041,5.740372284
10.66248724,11.16195348,7.775449898,13.19644859
-7.719318212,18.43277571,4.436090346,8.903188823
2.654657291,7.912345147,-4.521584543,5.243274942
0.029090344,17.62819742,-4.718464443,4.718554116
-1.038701799,14.24602967,-10.8505338,10.90013693
0.457786991,10.34125516,-11.02756548,11.03706344
6.128989918,2.931563067,2.702939777,6.698537218
2.598936344,2.437498589,13.70552726,13.94976514
9.582965319,13.91649849,-7.1032348,11.92850238
1.319257185,11.67826343,13.98097948,14.04308466
12.05266574,2.575485898,-2.681832458,12.34742794
5.045772923,5.200968087,-10.2803229,11.45184977
2.39793722,0.510247641,7.13785738,7.5298812
4.261232809,15.00232454,-10.55142659,11.37939841
4.869626132,19.79476728,-3.017037966,5.72850563
-0.522506827,0.81186643,7.902748165,7.920002648
1.164553474,19.26320355,-4.810942547,4.949884138
5.202943939,4.329030309,12.72660542,13.74907674
2.705456496,11.23016789,-10.90819137,11.23868915
-0.969800505,19.28589474,7.916695582,7.975874997
5.808962009,3.721322257,-1.574348416,6.018522456
-0.817703315,12.38004683,7.914801923,7.95692957
12.28542537,7.592364069,-1.819086492,12.41937004
4.960920423,14.99114314,12.84378329,13.7685693
6.31638953,13.36130469,-9.697185397,11.57290721
2.511615124,14.12813418,-4.570221005,5.214895068
5.656503688,6.008307306,-1.883304919,5.961784246
-1.292332713,8.47963175,7.91104787,8.015909321
5.885556386,15.42748536,-1.399694424,6.049703997
-8.900641752,9.209147898,2.240139562,9.178215995
3.603936834,16.24948981,-4.070961723,5.437011132
0.508440393,20.49025831,7.772042458,7.788655571
4.867045988,4.205376733,-3.019933594,5.727838646
10.58788228,18.10203694,7.894504419,13.20706066
1.989058021,9.120128971,-4.709199442,5.112035915
1.435803465,20.9803757,7.529895465,7.665563078
-1.859356923,0.655950363,-10.66200648,10.82291968
4.467178635,9.14006832,-3.425026921,5.629075801
-8.364695303,18.92699728,-5.490387561,10.00562257
1.166787918,19.81287312,-11.039387,11.10087652
3.497725523,3.297856267,6.474231914,7.358652234
4.309047197,6.058627226,-10.53672084,11.38377678
11.76326949,10.71482893,-3.511707347,12.27626154
12.54855533,12.77558077,2.199781012,12.73990884
3.193433153,13.0965471,13.53378718,13.90544537
0.113646249,2.129917078,-11.00531364,11.00590041
12.4641121,16.66514644,-0.884959603,12.49548895
-4.923736568,8.446019823,-9.282926585,10.5078974
0.384658939,11.48194833,14.10465774,14.10990193
7.671454606,11.69700597,-8.84709247,11.70992147
4.242568679,15.67707476,13.15821127,13.82526357
9.788484803,7.646538752,-6.863267639,11.95486836
-5.988564822,15.42873212,-8.47909074,10.38064971
-6.751879265,7.952775647,5.545314084,8.737183866
12.4429309,8.731018374,3.021864386,12.80461611
12.19479917,7.170215854,-2.185296711,12.38905358
-5.999970205,0.172699486,-8.46925392,10.37920538
6.16961856,5.753774201,2.547076871,6.67471301
-3.771043678,6.392668454,7.420949609,8.324137404
5.944079149,3.63930359,-1.254959884,6.075113269
12.27654783,20.61008955,-1.857185637,12.41622991
6.35211374,15.16296873,1.324887722,6.488811635
6.087147611,6.581618009,2.849208518,6.72096386
0.00985428,12.89170364,-4.714468899,4.714479198
6.19884402,11.08370214,-0.430819298,6.213796943
-7.88592537,5.517971617,4.201326312,8.935265062
5.017210357,8.821069923,-2.844444511,5.767431347
5.174513103,3.361207635,-10.22961223,11.46388033
11.83308891,0.798999664,5.363639275,12.99194441
9.867426573,7.64014093,-6.767571095,11.96520479
4.826187801,13.79378734,-3.065260278,5.717334105
2.95449628,14.08242899,-4.404066348,5.303286591
-2.512537396,19.44967495,7.770605593,8.166710198
2.165834715,6.545492352,-4.668837219,5.146734984
10.469674,5.067709239,-5.962877887,12.04865081
-8.66412025,4.669089327,-4.864643941,9.936384674
1.295726171,1.211241521,-4.804162188,4.975829643
9.006506835,16.0010132,-7.713530416,11.85814981
4.345293927,15.3010401,-3.533262391,5.600493053
6.252207495,4.77867514,-0.177905686,6.254738124
3.655341079,11.09151827,6.355916253,7.332065863
-9.290431359,10.6437506,-2.873887755,9.724779981
-7.409574194,7.413598811,4.833565687,8.846759123
3.849227024,8.440775211,13.3102444,13.85565425
6.202151424,17.83449883,-0.416549792,6.216123874
0.326318758,15.88911033,-11.02034603,11.02517621
7.704873069,11.67237503,-8.822678968,11.71344241
-8.850532225,20.60326669,-4.406247223,9.886704974
8.439603141,19.79512008,-8.237146771,11.79311189
2.864351469,18.68686081,6.888068991,7.459893013
0.861610526,9.161114721,-4.813016177,4.889529366
1.4660079,8.535000026,13.95571495,14.03250366
6.095033385,0.125742985,2.822587265,6.716876569
12.5976915,3.315896786,0.541384975,12.60931912
-9.331875631,7.67307456,0.654257644,9.354782513
-5.370619341,8.890215443,-8.971497482,10.45616178
-9.003127153,7.229417735,1.948733625,9.211615563
6.282842005,10.44967923,1.986569227,6.589427969
4.181694012,16.56718497,-3.668869292,5.563017769
2.09216865,4.635400614,7.279427863,7.574116428
3.854532401,16.79471902,-3.910178505,5.490620727
5.163358424,12.30579815,-2.658719719,5.807672577
-9.458541989,7.143985032,-1.591123305,9.591438366
5.976364999,18.68486312,-1.170127036,6.08983874
-8.564455724,11.81937273,3.030197131,9.084712241
0.252738373,6.886443206,14.11700351,14.11926574
6.064416875,14.39338398,-0.916219337,6.133238126
-3.142001327,7.007251059,7.622794412,8.244947967
6.293235228,5.624888653,1.917943876,6.579005878
12.14626231,2.076135076,-2.363895962,12.37415421
-6.321635196,18.98322127,5.934809305,8.670930344
9.305341978,12.61089541,-7.407978454,11.89401253
6.20890751,2.124663402,-0.386907448,6.220950879
6.360928144,10.04707579,0.957089757,6.43252887
12.50910843,5.337265366,-0.559968543,12.52163562
-9.377423057,8.928060262,0.374258603,9.384888529
11.30961133,3.872426813,6.600165046,13.09463582
-2.695559464,16.28571599,7.733048037,8.189387814
11.78558436,19.51697977,5.492163448,13.00245585
-8.803091441,12.70306172,-4.529353425,9.899972796
11.09320702,9.771356405,-4.948271876,12.14679532
10.48979831,4.922451144,8.04685946,13.22073431
12.60592708,19.28084598,1.00720348,12.64610044
10.86557932,11.53672851,7.436186157,13.16653631
11.33325757,16.54048616,-4.48749501,12.18935349
5.066957752,16.29639196,-2.782987797,5.780923969
-9.354540129,7.926322721,0.521635883,9.369072794
-2.284658523,3.604516837,-10.53722836,10.78206131
7.573521185,4.514075079,-8.917598661,11.6996491
5.283604492,17.43622344,12.68624125,13.74253228
4.191926122,0.112975467,-3.660696629,5.56533417
-9.458976634,10.8831463,-1.584168088,9.590715693
-2.75402816,19.64663201,-10.37691473,10.73615529
12.05618578,20.19147279,4.693696248,12.93763503
4.237377099,8.044575804,-3.623905504,5.575666397
10.53747073,11.62250423,-5.862815431,12.05864396
3.781355399,2.523795637,6.256382797,7.310333396
4.98503541,10.0951253,5.015746961,7.071654376
1.168048124,20.11825964,7.612645142,7.701733732
3.13478148,9.092575962,13.55201375,13.90985016
5.038684511,2.220963611,12.80677028,13.76232925
5.985623473,17.54617459,-9.867286688,11.54084204
-9.076349269,1.332344367,1.71866804,9.237636921
-7.989216438,20.41377356,4.0472347,8.955874497
-8.776237568,9.029395977,2.557318993,9.141237678
11.78062316,8.870706118,-3.466889056,12.28016293
-8.324165618,13.32689394,3.493278806,9.027443162
12.39910309,17.714996,-1.271790209,12.46415693
-7.783052015,20.27567157,-6.46503571,10.11793385
-5.94612318,16.18705238,6.23486632,8.615679828
12.24272068,13.08430202,-1.997636769,12.40462665
1.258669225,13.99475159,-4.806436987,4.968509306
-0.162373865,13.04467275,-10.97958608,10.98078666
6.159992675,6.251403935,2.585445056,6.680571524
6.339517185,20.81780622,0.466727532,6.35667466
10.991247,10.70600376,-5.130406187,12.12965697
-8.946530478,6.441522879,-4.140583501,9.85823713
-9.427631885,14.36679137,-1.965280162,9.63029434
-2.475480275,12.26775542,-10.47497575,10.7635087
3.460985458,18.45414555,13.44700269,13.88525483
12.19909071,7.241765069,-2.168979039,12.39041098
11.36876815,14.7903114,6.476694444,13.08420652
0.919572315,3.47402794,7.67995495,7.734812297
7.896925513,8.264074127,-8.678796866,11.73383772
6.497356083,5.980162168,-9.598305038,11.59064691
12.46533724,19.35426564,-0.876875957,12.49614116
-9.475823889,19.04129682,-1.161537663,9.546748563
-5.259385044,4.532701046,-9.052286854,10.46924201
-9.434082008,10.76393221,-0.092010968,9.43453069
2.25685766,13.65569012,7.205254978,7.550437457
12.55744939,13.86023845,-0.106372862,12.55789992
12.38305096,13.59858897,3.36281071,12.8315411
6.330654527,4.048316739,1.610516682,6.532300569
-5.592873325,16.42893125,-8.803182319,10.42958537
7.579240893,1.334404354,-8.913522985,11.7002472
3.393138404,1.408563924,-4.1916504,5.392895447
-1.235030595,19.37882375,7.913009092,8.008808492
11.61419652,12.36074539,5.924705317,13.03808629
7.093509761,9.927570962,11.58937798,13.58791973
5.274380206,6.121199289,-2.506322046,5.839583612
3.286736416,7.153137987,6.62255967,7.393303244
-3.712292404,9.110815934,-9.970473895,10.63914774
1.69404775,14.00147028,13.9132531,14.01600548
9.465630534,8.671436345,-7.234632961,11.91377671
-0.508934215,3.568346822,7.901926808,7.918299143
2.908304839,16.04476482,6.862269242,7.453118554
5.008718653,12.49005938,4.984279431,7.066137841
4.99737648,19.205689,-2.868467264,5.762106918
1.510964528,15.87816708,7.504707734,7.655302213
7.564255776,12.0068197,-8.924189873,11.69868071
-9.390684041,18.47873499,-2.275982848,9.66255891
-9.475584228,20.44192321,-1.174637229,9.548113378
5.429566165,15.24557449,-2.274055282,5.886553844
-8.067606747,15.31937226,3.925464147,8.971931085
-8.820862254,16.53289046,-4.483812551,9.895058661
-6.172537156,5.519144781,-8.316807622,10.35709921
2.040885381,14.46733335,-4.698058412,5.122203235
1.638465881,11.42767005,7.459967376,7.637780024
-4.374024995,5.105622242,7.173151635,8.401559321
-4.814482317,12.36465316,-9.353935186,10.52023495
7.661226989,15.32417869,11.15865688,13.53550968
12.58992663,14.43603787,0.362277331,12.59513785
1.872607635,1.817626122,-11.00593454,11.16410562
6.068378101,18.8313499,-0.903874453,6.135324099
-6.973714832,18.38262128,-7.50795139,10.24704995
0.978336805,9.64865426,-4.814469633,4.912866857
7.364692811,11.61099326,11.38950859,13.56317095
1.727971102,17.64347305,-4.756699466,5.060837277
12.41602912,13.81367306,3.181787854,12.81723656
1.75347938,18.23934884,-4.752688585,5.065840376
-8.698614491,18.26572422,2.739193681,9.119708114
-2.78797224,8.250146486,7.712410045,8.200857145
-0.731619206,9.849308925,7.912431565,7.946183986
10.25463504,9.384440091,-6.266629392,12.01782775
1.30920372,10.57661948,7.570365903,7.682737421
-7.277436503,4.347530356,4.989739734,8.823751168
2.37112417,19.11738941,-4.613478048,5.187138858
-9.214361813,10.05524382,1.213119417,9.293875528
6.173409385,16.69039054,-0.535773463,6.196614934
-4.689264878,15.66371274,7.020852113,8.442841316
-4.636505703,14.67196768,-9.465539165,10.54009567
5.57955694,14.32409336,4.085106474,6.91516815
6.31172633,6.615047458,-9.69967814,11.572452
10.32064975,18.09371716,8.299276642,13.24363258
6.336460787,12.7303004,0.43102503,6.351103674
-7.973169367,4.483088717,-6.173154325,10.08361364
3.415345751,11.96909845,-4.179531674,5.397506055
-1.153739353,14.32100075,7.915081659,7.998726909
5.013600618,16.48477035,12.81877475,13.76434441
-9.307808672,17.34132915,0.783881171,9.34075864
5.258816565,7.167724937,-2.528329452,5.835032261
1.588129818,9.506559529,-4.77628325,5.033392295
1.994710568,5.927481883,7.321102354,7.587977987
6.942888237,20.07352168,-9.336447213,11.63498791
2.082683115,5.264610079,-10.9872572,11.18290614
-8.883188603,16.39131328,2.286816429,9.172816859
8.358127396,16.76894819,-8.306948141,11.78404349
12.11271662,14.941937,-2.481521949,12.36429759
-0.614696331,17.31929189,-10.92206945,10.93935339
6.226670752,18.37634172,2.295803999,6.636425594
-8.939273199,3.723607129,-4.161531852,9.860474262
12.41760655,16.30116903,-1.16897936,12.47250837
-1.131704435,17.35779126,7.915499987,7.995992432
0.43133819,8.167569485,14.09998902,14.10658509
5.715803356,3.532857411,-9.996236666,11.51499698
2.318556118,1.24742238,7.17622544,7.541479566
-9.042233503,20.20841979,-3.848551346,9.827173255
0.851112318,6.575006645,-4.812746411,4.887424699
4.620943921,5.849264441,5.458026444,7.151445685
1.41251957,0.119972671,7.537521899,7.668731832
-8.006360553,1.004041467,4.020972211,8.959354153
5.056898394,11.23193529,-2.795556321,5.778179342
10.81125233,12.3412279,7.529234915,13.17469375
4.006685126,1.859957913,-3.802637851,5.523909877
0.835560915,18.03066645,-4.812304511,4.884305145
5.586847855,2.419646664,4.0713458,6.912938997
-8.937487394,12.28199567,-4.16666328,9.861022452
3.669336265,13.51638427,-4.030874973,5.450869809
-9.330544852,9.343519063,0.661702016,9.353978661
4.42397015,16.83114845,5.669594002,7.191370387
4.147475479,7.570136076,13.19623639,13.83265006
5.431831027,1.730307718,4.348953653,6.958317769
4.859385409,16.54429021,12.89121488,13.77668493
-9.111961805,12.1636449,1.59851994,9.251114199
6.212357856,1.854260052,-0.37150206,6.223455946
-8.136120609,0.359733939,3.815347856,8.986286097
-1.04046189,3.018449609,-10.85020076,10.89997328
3.345511123,11.08163174,6.582351415,7.383752083
3.550564472,20.72509333,-4.102731992,5.425764266
-3.587716522,3.219114079,7.485557466,8.300920456
12.51321315,6.944724787,2.525466761,12.76551941
1.038139125,7.72173321,-4.814118579,4.924781268
-9.453210432,7.649068955,-1.670637644,9.599698829
8.901851066,19.62358718,-7.815471798,11.84586644
2.743024533,10.76985026,-4.489173225,5.260880138
4.232497993,4.426697334,13.16227708,13.82604705
12.58548737,18.03759525,1.715083032,12.70181098
4.656173484,18.88678236,-3.243803859,5.674699551
-8.873924611,4.621207572,-4.343669059,9.879979701
1.221658713,1.220043382,-11.03840235,11.10579922
5.502411966,11.18465093,4.226284405,6.938156622
6.077870415,9.883215647,-0.873915614,6.140377618
3.26160762,3.012998039,-4.260653362,5.365747976
11.19310771,12.02571106,-4.762323991,12.16410251
6.25961429,12.05856367,-0.138041306,6.261136195
8.753065907,2.701203322,10.18186806,13.42708457
12.04229706,10.37122059,-2.715212592,12.34460603
6.933048731,13.5409818,11.70283662,13.60233618
5.161366633,7.349805775,12.74715328,13.75244059
10.03730156,7.622064783,-6.554524328,11.9878777
5.876016362,13.88660899,3.45033804,6.814132438
5.768217897,11.63113989,-1.661478198,6.002736669
7.656746847,13.94381726,-8.857779599,11.70837443
1.898525003,15.46866768,-11.00384717,11.16642511
4.687722257,0.976880877,-3.211842589,5.682488255
12.19016542,15.77994621,4.218801413,12.89955109
-9.198452401,0.888084271,1.277659754,9.2867616
1.316479901,13.4390126,13.98144214,14.04328465
-6.207513378,16.40535013,-8.285061817,10.3525587
0.727730097,17.73269206,7.725866555,7.760064762
5.026275315,14.96945206,-2.833375227,5.769875104
-5.409944422,18.95892149,-8.942394498,10.45150315
9.885048886,2.450817446,-6.745929051,11.967529
5.778202763,14.32251642,3.679347568,6.850198953
4.453550265,9.415348899,-3.437451102,5.625849273
11.18561872,6.11084704,6.848752469,13.11577205
2.85749343,0.41046538,6.892057883,7.460947028
11.09007288,18.39521403,7.031745196,13.13145677
-8.500749187,0.130951013,-5.219879573,9.975463874
-3.057396814,3.565517169,-10.26011638,10.70596391
4.273937796,16.77636456,-10.54754158,11.38056139
8.04213823,3.28105277,-8.56583823,11.74944986
0.921726411,1.385155567,-4.81411858,4.901562738
0.19206285,12.35862516,7.82709226,7.829448345
0.505245973,4.84250373,7.772666118,7.789070039
1.60754613,2.388686652,7.471051916,7.642043005
6.084547322,7.944260551,2.857898274,6.722298614
10.57936639,2.235802151,-5.799878963,12.06489077
-2.737455278,3.638538582,7.723831591,8.194585764
12.3618117,15.37755276,3.472215488,12.84019739
5.727486058,7.790323238,-1.74507746,5.987436169
5.980164628,19.42838925,-1.159883392,6.091608856
-0.963679338,12.14226461,7.916675869,7.975113458
6.186922783,13.16502454,2.475509792,6.663794884
-2.227438419,5.944090657,7.820429204,8.131457117
12.37069827,3.647347801,3.42705748,12.83662334
2.169461308,9.22155401,-10.9783696,11.19067297
6.163892792,3.167320887,2.570016435,6.678215243
10.44022201,4.908907122,-6.005680163,12.04435262
10.96781056,10.773616,-5.171251766,12.12578712
0.732374392,7.35402934,-11.03755919,11.0618301
-9.14138882,8.134265753,-3.507317061,9.791131831
0.853303297,8.98878498,14.05062383,14.0765108
6.299042318,15.34667307,1.877271525,6.57282911
9.112605825,12.54720963,-7.607560999,11.87074426
5.956707503,8.759506708,-1.222235446,6.080807822
1.450802153,8.844745864,7.52493873,7.663519412
3.652976968,17.77360689,-4.041023442,5.447394899
-8.846731676,20.58523827,2.381899068,9.161774092
1.362406126,4.012848735,13.97371768,14.03997637
5.478804881,4.255274619,-2.194973068,5.902136028
1.470849834,4.600876816,7.518259355,7.660784748
3.83170941,17.10301467,6.215322304,7.30152233
-4.71799565,16.77186796,7.006153274,8.446636411
5.030766575,13.67376619,-2.827869816,5.771088288
1.645777723,19.53312119,7.457323983,7.636770607
6.267562582,14.21193667,2.07955927,6.603552641
-7.242894143,10.1093362,-7.191331398,10.20660388
5.191036641,13.29674773,-10.22297272,11.46542772
2.591699844,7.361964682,-4.543568975,5.230767354
3.139521243,14.35270847,6.719664264,7.416905113
4.682242849,12.76434529,-3.217430536,5.681131696
10.39382208,20.90130213,8.191621866,13.2338281
-2.638526994,6.065477124,7.745222632,8.182316196
-2.095421162,0.590780987,-10.59510032,10.80032132
10.57570025,12.55646216,-5.805420694,12.06434189
1.038977587,13.24722765,7.648728255,7.718971327
4.295045985,12.27357514,5.799182633,7.21650464
12.60565353,7.538532175,1.080580735,12.65188348
12.58590865,4.005469168,0.287186397,12.58918475
4.611101114,17.15453139,5.469016813,7.153488546
-9.070258943,2.460058783,-3.756676019,9.81744427
-5.642025031,11.1634945,-8.764673018,10.42362411
2.903066967,5.613526008,-4.425760077,5.292933976
0.66108395,6.237117446,7.740605147,7.76878369
-4.349160179,13.58047611,-9.635516929,10.57158364
-9.419578505,0.038589173,0.047833097,9.419699954
-4.666210836,11.98116661,7.032546077,8.439800228
-8.906638138,16.75321358,2.223921167,9.180088686
-8.522074481,0.403727916,3.116815595,9.074155218
11.46350453,3.587788135,6.271696217,13.06698548
6.304405282,4.674577272,0.144199911,6.306054201
3.680871515,13.43851526,-10.7117778,11.32656165
-8.229487854,4.049128333,-5.740553301,10.03386379
0.576273391,15.00935228,-4.797449722,4.831936968
2.415059194,4.148739364,-10.94948776,11.21266218
-1.689773834,2.927251595,7.886058038,8.065063359
-6.741182403,0.143820252,-7.761675334,10.28042529
5.394355371,10.38655242,-2.328926189,5.875624823
3.43606952,2.090801163,6.51873325,7.368884375
8.973365184,20.11021931,-7.746086051,11.85424531
12.53675206,9.135730829,-0.32015029,12.54083922
1.548158034,13.86840974,-4.781135855,5.025540106
1.463998211,18.43947516,7.520549108,7.661719757
9.616551303,17.23413109,-7.064891982,11.93275985
-2.422206889,12.39567478,7.787530289,8.155532737
-7.725151649,17.14116169,-6.549716886,10.12801853
6.180377476,18.1211195,2.50299334,6.667986308
4.975982058,18.53916046,-10.3070634,11.44534636
4.362765586,2.452447763,5.731942111,7.203393917
7.638553289,3.742700922,11.17678049,13.53764818
-4.456758463,12.68197062,7.134749476,8.412332975
-2.237959421,18.29682045,7.818776959,8.132756944
12.26774136,12.2833451,-1.894452058,12.41315539
10.52511527,3.168280947,7.992529907,13.21584601
8.144079297,7.264354976,-8.484318548,11.76051397
-8.997979905,4.510320318,-3.987449552,9.841920356
1.443900882,20.76831181,-4.792238968,5.005037871
0.602496632,14.19214285,7.753051558,7.776426599
2.773473667,10.31593308,6.940134534,7.473795791
5.706687085,7.471744855,3.833423384,6.874693617
6.360405624,4.344652753,0.900910954,6.42389292
2.787082721,13.09234472,-4.472327271,5.26968133
12.17475479,17.85858413,4.277163572,12.90421568
10.09763152,1.287691519,8.613996702,13.27264486
12.2805849,17.82197923,-1.839927509,12.41765271
8.061693484,9.263213397,-8.550344377,11.75156546
12.13341822,9.969442902,4.428522792,12.91633275
1.488670217,1.570347939,7.512269991,7.65835096
1.490919437,16.69761743,-11.0296233,11.129934
4.660129068,10.20791821,-10.42159901,11.41606451
1.771622403,16.97373969,7.41048846,7.61931658
1.298885498,20.28296376,-4.803955162,4.976453429
-3.958142348,18.86622028,7.349950161,8.3479733
9.610856343,16.64418005,-7.071416914,11.93203657
8.295256944,13.55309713,-8.35993649,11.77708902
1.726893843,5.837438089,-4.756865868,5.060625972
-2.477105866,1.368255193,7.777370627,8.162324874
12.43172463,10.1500775,3.089999887,12.80999128
4.959706707,5.680586162,-10.31322404,11.44383156
1.80314384,19.63767442,7.398356654,7.61492015
-8.64128185,8.870539509,2.866887496,9.104438254
3.466726091,3.74684137,-10.76263478,11.30718786
8.109787269,19.49870829,10.78305979,13.49233219
-5.543463495,3.196543894,-8.841416424,10.43554655
5.800340939,2.343376405,-1.593094295,6.015139603
-9.030782761,17.90143898,-3.885185574,9.831058143
12.36190843,2.794605063,-1.464988972,12.44841245
10.73070252,9.53464413,-5.565102835,12.08794218
3.968536755,16.29453637,-3.830341213,5.515505216
-6.703440972,4.594202967,5.591850448,8.729542502
-9.382315278,17.87586732,-2.336318698,9.66882749
9.106081374,2.178078754,9.8158881,13.3892635
-8.442189722,2.254447562,3.274015848,9.054818997
11.96971851,15.70066303,-2.940083131,12.32551216
11.36949127,9.362702922,6.475164385,13.08407755
2.345796189,11.03785892,7.163189316,7.537508934
10.21561973,19.52434498,-6.319658268,12.01236726
11.60456594,11.39352532,5.947732016,13.03999489
6.278029826,13.73343853,2.016776197,6.594015826
3.250177331,4.897118245,-4.26642929,5.36340112
-6.367938403,17.09857187,-8.135623595,10.33145734
6.193098526,1.433077895,2.449086054,6.659766652
-9.466446375,11.74585493,-0.541571594,9.481925267
-4.225933674,12.06618477,7.239176136,8.382373563
10.79117031,16.19214519,-5.467839264,12.09738083
-2.65772738,11.04993724,7.741171737,8.184696371
5.518811496,5.965330129,-10.08500638,11.49628783
2.401085577,1.618802531,13.75638988,13.96436445
2.024779134,6.951950713,-10.99280597,11.17772399
7.236891571,13.35477234,11.48499966,13.57489657
2.17940166,14.07112319,-10.9773077,11.19156271
-5.299080756,9.656593746,-9.023712877,10.46459034
-0.96974778,12.6365811,7.916695433,7.975868437
2.62604038,20.18634285,-4.531690821,5.237586254
-1.615204721,18.22843214,7.892264869,8.055850734
-8.725562773,15.12273296,-4.720679085,9.920698399
-9.106706826,4.025981131,-3.632042424,9.804276688
9.381215526,17.94384741,9.510256063,13.3585993
-9.314216097,4.186458652,-2.750915343,9.711959469
5.299536112,16.61197224,-2.470282534,5.846997418
8.273468765,12.14961305,-8.378125068,11.77468747
-1.95186355,11.93898098,-10.63647993,10.81408695
-8.022630862,16.72717509,3.995859923,8.96267273
5.260330745,13.04656332,4.624992061,7.004400838
-0.026842411,20.21607446,-10.99309977,10.99313254
-3.87081815,20.56223106,7.383731692,8.336829544
11.8345815,9.52875069,-3.324067765,12.29254838
6.656337846,15.37892236,11.89048393,13.62682801
9.169306169,3.149600316,9.747316447,13.38231495
-9.097641363,11.64900941,-3.663623453,9.807610065
2.658811186,20.60196432,7.003426536,7.491145451
4.995240723,7.886908281,-2.871038159,5.761535385
-2.929688103,8.721228413,-10.31057895,10.7187271
6.45073951,2.917317586,-9.624178866,11.58606314
4.889795862,10.31887526,12.87711455,13.77425798
5.868633113,9.551711641,-9.924258234,11.52960347
8.433354504,2.298824371,10.49054508,13.46005216
6.23490024,12.72919898,-0.265882798,6.240566854
-9.474654427,16.89575041,-0.770944251,9.505968207
7.898936838,20.88101785,10.96374351,13.51284111
5.18900396,13.98364481,-2.624439355,5.814932848
0.244723774,11.50539357,-4.757493235,4.763783329
-4.664062345,17.43173534,7.033631332,8.439517005
2.015973404,3.425476754,7.312148413,7.584962965
-9.418282201,4.539437451,-2.052629517,9.639363441
11.14952855,20.99034785,-4.844396543,12.15648653
8.492726982,11.98296284,-8.190933795,11.79905963
11.89011769,9.958308715,-3.171146045,12.30573305
0.833715446,11.19542069,-11.03951546,11.07095222
3.822285825,8.99424359,13.32015577,13.85772055
-9.465460969,12.02065486,-0.521475267,9.479814756
9.94605694,12.55887733,8.817301669,13.29168377
5.434884235,19.38213126,4.343766001,6.957461442
0.055382927,4.510772165,-4.723788054,4.724112705
-0.678615453,16.56692683,7.910504033,7.93955874
2.446396372,5.99027701,7.11386318,7.522759105
7.662494119,10.52051868,-8.853607615,11.70897877
11.8080699,9.117373001,5.431848964,12.99751892
5.996524195,15.71560101,-1.115111334,6.099325841
-1.271986603,8.494639083,7.911791594,8.013388555
12.59348468,4.396829677,1.557268833,12.68940276
4.104150153,14.21729226,5.979475553,7.252460022
7.984948382,16.62509258,10.89094687,13.50452237
12.60175985,14.85161495,0.672718923,12.61970293
-9.068194487,16.98323953,-3.763555844,9.818172123
12.17243876,17.42380459,-2.268892755,12.38208947
4.470947673,3.751632097,5.620684724,7.182024078
6.028943997,15.64841643,-1.022953092,6.115112325
6.34346353,0.721316712,1.461244392,6.509590212
5.691546925,8.61379567,-1.816183254,5.974297281
-6.664602277,18.63575052,5.628648102,8.723451323
-9.444403661,18.27091649,-0.206757916,9.446666574
-2.069758632,2.820656382,-10.60265605,10.80278743
12.46027649,8.301491445,-0.910039654,12.49346479
11.4135885,20.05032775,-4.321745836,12.20440451
5.016827047,20.85667181,12.81723416,13.76408534
-3.316265919,11.48152187,7.572431231,8.266760816
4.765945122,1.887120934,5.29057649,7.120704495
2.764906015,3.633499929,-4.480864177,5.265249191
2.482799324,15.08990252,7.095549526,7.517387549
12.43849789,14.28159871,3.04909364,12.80676391
9.888620248,2.095192876,-6.741530414,11.96800078
12.32627264,7.57099021,-1.636235576,12.43439842
-9.441638483,9.91183933,-0.1744208,9.443249433
11.18179102,10.5570626,6.85622063,13.11641002
12.44748557,0.502109138,2.993493388,12.80237867
2.5129646,12.80201074,-4.569783985,5.215162198
-8.659392444,7.189747307,2.827117761,9.109208107
-8.85975324,15.31436895,2.34830109,9.165683034
1.74706856,2.533051771,7.419826778,7.622734284
-8.424914774,5.455797757,3.307034756,9.050727475
3.506310343,15.30001491,-10.75356633,11.31076483
1.488202383,2.813202935,-4.787795185,5.013753989
0.567693724,9.547639746,-4.796714923,4.83019153
-4.911316497,14.24517948,-9.291096653,10.50930572
5.267526954,17.28049665,-2.516039666,5.837576193
11.1925857,1.690915522,6.835128905,13.11460872
5.985429336,8.602845465,3.161669119,6.769159176
-4.732279205,13.39192931,6.998793718,8.448525314
-9.345830038,11.35478654,0.57398154,9.363439214
8.432065821,16.72924007,-8.243658424,11.79227027
1.817758994,18.6363481,-4.741978683,5.078445588
-1.929731154,10.46675445,-10.64266796,10.81620283
-7.038780521,7.011930123,5.254165792,8.783546516
2.284234938,18.66611767,7.192458512,7.546468624
12.4965158,18.2465403,-0.657526429,12.51380231
-6.558798282,12.02541788,-7.949218768,10.30572239
5.572642844,13.41520268,-10.06119134,11.50138772
5.985399699,16.10466932,3.161753085,6.769172189
2.266254697,0.286340616,7.200877865,7.54907626
12.04580957,9.301919939,4.727781697,12.94038052
11.68430772,11.10653216,-3.709351128,12.25896948
-5.046540021,10.70182149,6.827924386,8.490472167
8.279896059,15.36501825,10.63165728,13.47548943
5.444006486,3.489893435,-2.251153783,5.891086485
11.89374033,15.28470229,5.193138982,12.97804884
6.343966325,7.862814865,0.523648043,6.365541297
4.931296554,5.680079538,12.85772628,13.77094081
-6.355033978,4.731443706,5.906410106,8.67595166
1.156105514,0.263963173,-4.811257661,4.948209802
9.039763316,16.18804828,-7.68060312,11.86208182
7.766372291,12.58824933,-8.777273533,11.71994323
12.3136124,7.199700796,3.703645848,12.85853969
5.393488403,19.10116998,-2.330260273,5.875357869
5.445387993,20.75262309,-2.248950346,5.891521709
0.49434633,5.3927517,-4.789790432,4.81523319
10.96128015,20.87800577,-5.182567794,12.12471325
-7.370076769,15.72948584,4.881025208,8.839821189
6.326549359,6.079436517,0.328588716,6.335076743
6.332379902,8.234100806,1.592564111,6.529570864
12.57258519,14.31299078,1.91408353,12.71745313
0.198820114,15.24731843,14.12168928,14.12308881
10.66570688,14.77140852,-5.667403656,12.07794549
-2.770482636,14.05225087,7.716402574,8.198685427
5.641533354,0.827150628,-1.911351728,5.956522812
2.086368047,11.82814112,7.281953908,7.574944511
6.490279431,6.746030278,11.99840618,13.64131511
4.90952944,0.855273661,5.113678585,7.0889483
-9.125800531,8.219682033,-3.564172366,9.797119984
12.60592663,11.4447844,1.007742146,12.6461429
8.517720919,7.42460445,10.41106397,13.45146173
-7.196310364,5.409697019,-7.248030359,10.21375675
-0.996027191,4.744282839,7.916726465,7.979137051
-8.917466385,9.295966576,2.194391897,9.183494026
0.949223597,7.977534525,7.672392068,7.730887755
-8.483976758,7.083131561,3.192736549,9.06484574
3.448118461,13.69639445,-4.161395379,5.404325344
12.52845335,11.7476162,-0.39656484,12.53472804
4.411334552,17.33621997,5.682591325,7.193866602
2.94337425,4.179521745,-4.408812841,5.301045429
0.001213363,19.44657416,-4.712646294,4.71264645
-9.361518946,14.85409062,-2.475517425,9.683296107
1.06368246,1.720521825,-11.04050034,11.09162153
-1.868798604,7.555400206,7.868286263,8.087171133
6.456881801,19.19221113,-9.620785772,11.58666654
7.498103909,11.58363278,-8.970855371,11.6917838
2.429250121,3.623490385,7.122403031,7.525282791
-7.703567516,14.30443865,4.457470159,8.900224306
9.747795811,0.595826483,9.071510245,13.3158485
3.307983334,8.780424878,6.608121204,7.389859239
12.55313722,15.63178285,-0.154234638,12.55408469
-6.605464233,13.05877314,-7.902138832,10.29931822
-4.846161786,16.44103715,6.938868149,8.463638416
12.49953956,5.265414858,-0.634644649,12.51564074
-8.409143859,3.30894135,-5.404246293,9.995978113
5.318722116,18.00413337,4.534217611,6.989129724
-9.109821085,20.85703168,1.605915503,9.250286742
9.279523494,20.56794532,9.625438341,13.37006431
-9.469014794,3.085232264,-0.598743187,9.487925725
3.848617651,7.604315668,6.201364896,7.298546732
0.648695462,16.30583922,-4.803027992,4.846636327
6.356990733,16.78411983,1.21433827,6.471935461
4.215972403,20.27395004,-3.641331809,5.570791744
4.512127619,12.40689057,-3.383454953,5.63977509
11.77656742,0.548519547,5.5160962,13.00441684
8.810775088,1.849160664,-7.902164617,11.83528467
-8.605368537,9.994649279,2.944283332,9.095118031
5.092737074,10.58243174,-10.26203248,11.45623331
-8.261425645,8.41134422,-5.682977869,10.0273322
-1.707075174,2.094995419,-10.70210726,10.83739847
-7.445705184,19.70587641,-6.93430017,10.17462749
10.58021479,12.87197163,7.906581816,13.20814071
-9.005285318,16.65535415,-3.965005459,9.839534133
1.998487741,6.699675887,13.85042643,13.99386528
-9.281848328,19.8539314,-2.916279894,9.729203297
4.257943991,1.128094528,-3.606991796,5.580365297
4.981983241,12.98477297,5.019775659,7.07236203
-8.346613142,18.46806257,3.452679875,9.032549433
3.959087679,20.94070481,13.26916765,13.84720857
-9.274351183,13.8581652,-2.952535117,9.732987901
6.295102294,9.541748491,0.07807,6.295586376
2.723320662,9.832804438,13.67195898,13.94055013
6.753901738,10.80944446,11.82545483,13.61824404
3.695999776,6.974300516,13.36577171,13.86738144
-8.472921932,2.629070794,3.214437331,9.062174873
6.348077057,18.29855388,0.583380457,6.374826671
5.308169863,19.10806637,12.67381606,13.74053423
5.628618826,7.815163022,12.50597188,13.71425108
-1.520278869,7.995970766,7.899150806,8.044117807
3.778459992,5.40697903,6.258721043,7.310837777
7.58718191,13.10710313,-8.907855856,11.70107795
12.57613543,2.882936533,0.131447377,12.57682236
8.298985561,0.690400478,-8.356814901,11.77750044
1.25208643,20.25525426,-4.806811493,4.967208185
6.550950132,10.57442084,11.95937427,13.63603977
0.357242898,11.90577966,-4.773736334,4.78708482
4.21079574,15.25751132,13.17100753,13.82773446
-7.583804594,3.667681338,4.615774566,8.878032832
4.128888483,6.040237146,5.956847528,7.247879177
4.639108359,8.066566669,-10.42884942,11.41412399
-6.793419078,1.364039532,5.504825406,8.743777531
6.172027558,19.34240238,-0.541252955,6.195714562
6.267741893,18.68521718,-0.092522118,6.268424744
-6.252004483,20.67784323,5.993085236,8.660521388
2.659946584,2.548148974,-10.91517725,11.23460771
-7.637498071,1.499384264,-6.674495439,10.14299099
8.071636644,1.374508319,-8.542440241,11.7526424
-7.20224968,7.008224923,5.075399626,8.81090698
10.53533399,9.086187748,7.97670033,13.21442433
-6.220847386,16.19807379,-8.272882086,10.3508222
0.781114874,11.67555531,-4.810358956,4.87336575
3.568669601,5.191945594,-4.092048795,5.429573286
-7.486221636,16.88175101,4.739492667,8.860378385
3.077965518,19.03306202,-4.349306088,5.328258175
1.914408053,6.085078511,13.86848458,13.99999366
2.488778432,8.629662046,-10.93973992,11.21926591
-8.753377338,15.23226278,-4.653351892,9.913389867
5.229392123,19.32875103,4.671860626,7.012333684
0.44212038,2.989165385,-4.784155204,4.804540711
-7.125507985,1.660297484,5.160562363,8.797969535
-8.881030439,7.175023933,2.292534726,9.172154443
5.768285596,10.19087919,3.70132812,6.853681388
5.126089711,0.380764472,4.822649852,7.038092591
10.90123884,18.41916689,7.374141048,13.16111562
-8.680759615,11.66720507,2.779530626,9.114898683
5.760435146,16.00649412,12.43375485,13.70331612
6.131562097,13.48968086,-0.693150927,6.170616822
3.135868458,6.909837886,-4.3222981,5.340031072
4.576074399,11.93418309,5.507757409,7.160715647
-6.606629153,12.66807992,-7.900955763,10.29915777
12.48850624,11.50700886,-0.716627964,12.50905047
6.329509426,6.612306055,1.622150362,6.534069281
5.120889238,10.87462809,4.830021067,7.039361483
5.04067892,16.32606427,-2.815669347,5.773771544
5.917465182,4.909419373,-1.322129984,6.063367206
4.766769608,11.82634393,5.289593455,7.120526063
10.39029403,20.98324342,-6.077345891,12.03712354
-0.252701095,11.55968577,7.881981427,7.886031261
5.373901051,4.944006676,-2.360189527,5.86935321
5.803791609,10.54385967,-1.585611643,6.016490781
7.514873719,4.974524021,-8.959090494,11.69352939
11.23753162,16.42062508,6.746278841,13.10703609
12.40422142,14.27930682,3.24831903,12.82249139
6.308483465,12.04670603,1.80680605,6.562127074
-7.086528305,5.727729201,-7.378431201,10.23035339
6.281014071,2.192655846,12.12959179,13.6593607
-9.400446968,5.498871641,0.207276605,9.402731879
2.618995138,19.70907854,-10.92129973,11.23093599
8.340914926,4.950492737,-8.32153009,11.78213584
2.117834368,8.650989573,13.82386088,13.98514755
-0.494012749,6.700115179,-10.93929649,10.95044549
4.006082037,0.605865062,6.067132276,7.270404895
6.165239885,3.296361814,-0.567864858,6.191336959
3.907511525,7.221216628,13.2885843,13.85117753
4.732431866,19.70722415,-10.3963085,11.42274668
12.35459078,7.766325901,-1.501161478,12.44545697
2.819298893,0.916722595,6.914093888,7.466802565
-2.41599384,11.09973436,7.788655446,8.154764245
9.925023348,6.135630594,-6.696449744,11.97282455
-7.214970104,4.077303399,5.061064527,8.81306801
12.5894358,2.460283873,0.352632525,12.59437349
-9.428230498,5.695025168,-0.03309923,9.428288598
5.681302672,11.00704762,3.885794601,6.883066157
-9.430102575,7.874898373,-0.051540371,9.430243422
1.89452877,14.44677424,-4.728053033,5.093498281
4.94653814,13.85711266,12.85056334,13.76972104
5.559639212,4.647838458,4.122318327,6.921206294
9.637210399,4.700816839,9.207945588,13.32899419
2.69744119,0.492326701,6.982397839,7.485323544
11.27383177,1.269440173,-4.606142487,12.17849874
3.606771619,6.620746259,-4.069250734,5.437610049
7.335955068,6.246067876,-9.082368368,11.67500115
-0.930355597,5.241158042,-10.87045672,10.91019665
8.771398149,11.28787798,10.16353613,13.42515893
-3.117940639,10.61220348,7.629420907,8.241942563
5.151887111,13.85603631,-2.673882172,5.804445423
0.7197455,6.728215409,7.727665014,7.761110755
-5.286726351,8.996548636,6.685320295,8.523085296
1.318908292,18.49712498,-4.802595287,4.980405664
-7.744291266,5.930966623,-6.521928803,10.12470259
2.790145721,16.87598152,-10.89468067,11.24628739
1.374314762,18.6176167,-4.798401818,4.991332595
11.59236954,8.890837083,-3.927721352,12.23969062
3.929676938,6.018278826,-3.858046217,5.506984787
5.963688691,6.793836155,3.222334238,6.7785707
12.37593446,10.90064414,-1.394050853,12.45420136
5.945135751,7.63140363,3.27270362,6.78640023
-9.286442724,14.86695139,0.891175828,9.329105682
2.248789249,3.02097462,-4.647576449,5.16304367
10.041465,12.36864386,8.690282624,13.27976022
6.492908725,12.24649955,-9.60078564,11.59020917
11.54014251,6.59717965,-4.046734817,12.22910266
-8.649354539,7.485054301,2.849223206,9.106558451
7.080547527,16.08537909,11.5986734,13.5890904
1.389401545,4.108676215,7.545011972,7.671873455
9.813776611,3.806556249,8.988316993,13.30789441
-9.466002774,6.51303688,-1.457451763,9.57754531
